{
	"name": "merchantsheetnpc",
	"title": "Merchant Sheet NPC",
	"description": "This module adds an additional NPC sheet which can be used for shopkeepers.",
	"version": "2.1.1",
	"minimumCoreVersion": "0.8.5",
	"compatibleCoreVersion": "0.8.9",
	"author": "Lars Nørregaard (Whelan)",
	"scripts": ["bundle.js"],
	"languages": [
		{
			"lang": "en",
			"name": "English",
			"path": "lang/en.json"
		},
		{
			"lang": "da",
			"name": "Danish",
			"path": "lang/da.json"
		},
		{
			"lang": "de",
			"name": "German",
			"path": "lang/de.json"
		}
	],
	"styles": [
		"merchantsheetnpc.css"
	],
	"url": "https://github.com/whelan/fvtt-merchant-sheet-npc",
	"manifest": "https://raw.githubusercontent.com/whelan/fvtt-merchant-sheet-npc/2.1.1/Source/module.json",
	"download": "https://raw.githubusercontent.com/whelan/fvtt-merchant-sheet-npc/v2.1.1/package/merchantsheetnpc-v2.1.1.zip"
}